epoch,step,loss_total,wall_ms
1,1,0.884465,460.6
1,2,0.627025,133.5
1,3,0.451035,69.0
1,4,0.365357,68.9
1,5,0.339906,68.8
1,6,0.325784,68.9
1,7,0.313348,72.8
2,8,0.258894,70.0
2,9,0.232256,68.6
2,10,0.238501,134.0
2,11,0.210444,133.1
2,12,0.216202,69.3
2,13,0.205267,73.9
2,14,0.188301,17.7
3,15,0.162592,68.7
3,16,0.158192,25.4
3,17,0.168097,34.4
3,18,0.162657,134.1
3,19,0.132605,30.6
3,20,0.141698,68.8
3,21,0.145462,134.4
4,22,0.123403,68.6
4,23,0.114773,25.3
4,24,0.122423,36.9
4,25,0.123039,138.2
4,26,0.109474,68.8
4,27,0.109587,69.1
4,28,0.106056,68.5
5,29,0.105792,31.6
5,30,0.090104,68.8
5,31,0.104768,134.3
5,32,0.089070,68.8
5,33,0.100681,68.9
5,34,0.111415,20.8
5,35,0.089486,69.2
6,36,0.088762,68.6
6,37,0.087323,68.8
6,38,0.082245,68.9
6,39,0.084491,133.9
6,40,0.077487,27.8
6,41,0.075154,133.4
6,42,0.078184,68.9
7,43,0.066286,69.0
7,44,0.082570,68.7
7,45,0.077917,27.0
7,46,0.074715,133.9
7,47,0.071332,68.7
7,48,0.089159,69.0
7,49,0.064703,32.5
8,50,0.079049,68.8
8,51,0.070017,134.4
8,52,0.069865,69.2
8,53,0.075289,21.3
8,54,0.058353,34.3
8,55,0.063879,68.8
8,56,0.064765,69.2
9,57,0.065507,69.4
9,58,0.061807,69.2
9,59,0.060178,28.8
9,60,0.055286,68.7
9,61,0.059845,68.7
9,62,0.057731,74.6
9,63,0.057732,68.6
10,64,0.046111,27.8
10,65,0.049764,69.6
10,66,0.055931,134.7
10,67,0.053804,69.3
10,68,0.058005,134.2
10,69,0.048961,68.6
10,70,0.067786,68.5
11,71,0.046518,133.7
11,72,0.047638,69.5
11,73,0.049988,69.2
11,74,0.048655,69.7
11,75,0.054603,134.3
11,76,0.055538,22.1
11,77,0.050028,70.0
12,78,0.056529,70.6
12,79,0.040956,68.7
12,80,0.048782,34.6
12,81,0.053431,68.9
12,82,0.040245,69.0
12,83,0.049581,134.0
12,84,0.057179,28.9
13,85,0.054547,72.5
13,86,0.048406,68.8
13,87,0.048151,69.9
13,88,0.042982,68.9
13,89,0.046161,27.7
13,90,0.050427,68.6
13,91,0.048184,133.6
14,92,0.049029,30.0
14,93,0.038983,69.3
14,94,0.038033,26.0
14,95,0.039476,33.9
14,96,0.047995,133.8
14,97,0.040745,28.3
14,98,0.044927,68.9
15,99,0.047972,37.4
15,100,0.048659,69.1
15,101,0.048147,68.6
15,102,0.046829,68.5
15,103,0.040308,69.0
15,104,0.038664,30.5
15,105,0.034824,68.9
16,106,0.055670,133.7
16,107,0.052109,69.3
16,108,0.039207,68.8
16,109,0.043104,133.7
16,110,0.050993,69.2
16,111,0.037681,29.9
16,112,0.070336,68.7
17,113,0.040646,68.9
17,114,0.037784,69.2
17,115,0.062341,68.6
17,116,0.052941,21.9
17,117,0.042575,29.1
17,118,0.048344,68.8
17,119,0.041470,68.5
18,120,0.041876,68.6
18,121,0.035718,69.0
18,122,0.046390,68.8
18,123,0.037161,68.6
18,124,0.035463,68.7
18,125,0.040181,69.2
18,126,0.035356,29.2
19,127,0.051083,30.9
19,128,0.042295,68.7
19,129,0.041929,133.4
19,130,0.047039,72.6
19,131,0.040681,68.8
19,132,0.058308,133.6
19,133,0.038216,30.1
20,134,0.037533,69.0
20,135,0.036413,133.6
20,136,0.035379,68.5
20,137,0.041385,68.7
20,138,0.045185,133.7
20,139,0.039081,69.2
20,140,0.037083,69.9
21,141,0.038901,69.0
21,142,0.031673,69.0
21,143,0.038949,68.9
21,144,0.042831,27.7
21,145,0.051176,68.7
21,146,0.041017,137.2
21,147,0.036747,135.1
22,148,0.033021,69.4
22,149,0.036036,28.9
22,150,0.033875,68.5
22,151,0.037081,133.7
22,152,0.038661,69.6
22,153,0.036838,27.4
22,154,0.037168,134.1
23,155,0.034695,69.1
23,156,0.040977,69.0
23,157,0.036876,29.4
23,158,0.046418,68.8
23,159,0.039045,68.8
23,160,0.037915,133.6
23,161,0.028861,27.6
24,162,0.034808,69.1
24,163,0.033812,69.2
24,164,0.039493,29.3
24,165,0.037232,28.5
24,166,0.038575,68.6
24,167,0.038572,134.3
24,168,0.040166,27.3
25,169,0.036204,32.8
25,170,0.040836,29.9
25,171,0.038564,133.9
25,172,0.028143,32.3
25,173,0.030780,68.8
25,174,0.031763,34.2
25,175,0.040987,134.6
26,176,0.035627,133.8
26,177,0.037064,70.1
26,178,0.036392,69.0
26,179,0.033854,68.9
26,180,0.047384,32.2
26,181,0.033145,69.9
26,182,0.035484,33.2
27,183,0.027777,69.1
27,184,0.045980,69.1
27,185,0.035500,75.5
27,186,0.034244,33.5
27,187,0.030755,68.9
27,188,0.033238,35.1
27,189,0.044126,68.7
28,190,0.034588,68.6
28,191,0.026588,68.5
28,192,0.044282,134.6
28,193,0.035933,134.2
28,194,0.039023,68.9
28,195,0.035024,29.0
28,196,0.027546,34.6
29,197,0.031520,68.9
29,198,0.031030,37.6
29,199,0.034089,69.1
29,200,0.036875,68.9
29,201,0.034766,68.9
29,202,0.035406,134.3
29,203,0.039540,69.0
30,204,0.036347,68.5
30,205,0.040084,68.8
30,206,0.025759,28.5
30,207,0.024876,70.1
30,208,0.028292,36.1
30,209,0.032278,68.6
30,210,0.034405,70.1
31,211,0.025149,30.2
31,212,0.031372,69.7
31,213,0.038102,68.5
31,214,0.032668,68.7
31,215,0.034948,68.6
31,216,0.033461,134.0
31,217,0.027236,134.0
32,218,0.044634,134.1
32,219,0.037787,68.7
32,220,0.030898,68.9
32,221,0.034466,133.8
32,222,0.032560,68.8
32,223,0.033434,28.6
32,224,0.025975,26.8
33,225,0.028169,68.5
33,226,0.046542,69.7
33,227,0.026505,69.9
33,228,0.040374,77.5
33,229,0.027012,29.6
33,230,0.033915,30.4
33,231,0.031115,68.9
34,232,0.028347,27.5
34,233,0.030576,68.9
34,234,0.027922,23.7
34,235,0.037310,133.8
34,236,0.025428,68.5
34,237,0.035813,68.6
34,238,0.043304,134.2
35,239,0.024895,31.2
35,240,0.031217,68.7
35,241,0.026079,27.7
35,242,0.032974,69.0
35,243,0.036988,69.0
35,244,0.039293,68.5
35,245,0.035156,68.8
36,246,0.035695,71.2
36,247,0.032094,68.7
36,248,0.033244,134.8
36,249,0.031891,133.8
36,250,0.045144,134.1
36,251,0.031196,135.4
36,252,0.031667,25.5
37,253,0.026898,26.4
37,254,0.040536,68.8
37,255,0.026209,68.7
37,256,0.034467,74.4
37,257,0.037814,69.3
37,258,0.031720,30.5
37,259,0.032698,69.6
38,260,0.028179,33.3
38,261,0.028958,30.2
38,262,0.028707,133.4
38,263,0.030178,68.5
38,264,0.028684,70.1
38,265,0.036940,68.9
38,266,0.037004,69.3
39,267,0.027169,69.0
39,268,0.029186,68.9
39,269,0.032978,69.2
39,270,0.027799,68.8
39,271,0.026165,133.9
39,272,0.032368,68.8
39,273,0.035713,133.6
40,274,0.035153,68.8
40,275,0.033478,134.3
40,276,0.028799,28.5
40,277,0.032407,133.9
40,278,0.029214,24.9
40,279,0.025140,69.0
40,280,0.029846,31.6
41,281,0.026013,25.8
41,282,0.028659,26.3
41,283,0.032755,31.8
41,284,0.024050,28.7
41,285,0.025001,69.0
41,286,0.033876,40.8
41,287,0.031694,31.7
42,288,0.028372,68.4
42,289,0.028535,69.5
42,290,0.043170,68.5
42,291,0.039317,134.0
42,292,0.028333,68.4
42,293,0.029706,68.9
42,294,0.031367,68.6
43,295,0.041263,134.0
43,296,0.027933,68.9
43,297,0.031715,133.9
43,298,0.032999,134.0
43,299,0.033926,133.6
43,300,0.025547,28.1
43,301,0.039112,35.8
44,302,0.028704,133.8
44,303,0.031970,134.0
44,304,0.033471,133.9
44,305,0.025015,68.9
44,306,0.031912,28.6
44,307,0.028520,25.5
44,308,0.031534,133.5
45,309,0.021391,23.2
45,310,0.033196,133.6
45,311,0.030239,68.4
45,312,0.025089,27.8
45,313,0.024527,69.2
45,314,0.033314,134.1
45,315,0.025465,68.5
46,316,0.032103,69.0
46,317,0.025771,68.9
46,318,0.031882,134.5
46,319,0.033109,68.8
46,320,0.026134,69.4
46,321,0.027981,69.7
46,322,0.027311,27.9
47,323,0.027412,69.0
47,324,0.031778,69.0
47,325,0.032353,134.1
47,326,0.026409,76.7
47,327,0.024115,38.5
47,328,0.023673,135.5
47,329,0.028230,133.1
48,330,0.020238,133.4
48,331,0.044997,133.5
48,332,0.031991,68.9
48,333,0.028626,133.7
48,334,0.032081,134.6
48,335,0.028683,133.5
48,336,0.036893,68.6
49,337,0.032247,133.8
49,338,0.026080,69.5
49,339,0.033693,68.6
49,340,0.029873,68.9
49,341,0.031854,133.5
49,342,0.027680,133.8
49,343,0.023613,69.1
50,344,0.027701,25.2
50,345,0.029517,25.4
50,346,0.026704,68.9
50,347,0.025711,68.5
50,348,0.028711,68.8
50,349,0.030347,32.7
50,350,0.025994,68.9
51,351,0.035066,133.5
51,352,0.036495,70.0
51,353,0.028456,29.5
51,354,0.029368,133.7
51,355,0.025200,70.1
51,356,0.031577,69.0
51,357,0.029453,134.1
52,358,0.027059,68.6
52,359,0.023784,68.7
52,360,0.024768,68.7
52,361,0.025175,68.4
52,362,0.033652,133.4
52,363,0.024860,22.8
52,364,0.028621,75.9
53,365,0.029195,68.9
53,366,0.023345,68.6
53,367,0.026494,133.2
53,368,0.022543,134.1
53,369,0.025786,69.5
53,370,0.027389,68.9
53,371,0.028835,68.8
54,372,0.023406,134.2
54,373,0.023376,69.2
54,374,0.025436,68.5
54,375,0.026930,68.8
54,376,0.023615,27.6
54,377,0.032384,133.5
54,378,0.032147,133.9
55,379,0.030861,133.6
55,380,0.024285,133.6
55,381,0.034898,68.8
55,382,0.027379,26.7
55,383,0.020247,68.6
55,384,0.026031,74.3
55,385,0.024338,25.2
56,386,0.021579,69.4
56,387,0.030548,134.3
56,388,0.024859,68.8
56,389,0.025556,69.0
56,390,0.025406,69.2
56,391,0.026748,69.1
56,392,0.029226,69.7
57,393,0.023411,68.9
57,394,0.018869,29.2
57,395,0.035216,133.7
57,396,0.027459,70.2
57,397,0.025139,68.5
57,398,0.023787,30.1
57,399,0.034967,137.9
58,400,0.021752,68.9
58,401,0.017278,43.9
58,402,0.024160,133.4
58,403,0.029714,133.5
58,404,0.027597,68.8
58,405,0.031539,68.8
58,406,0.021127,26.4
59,407,0.018103,68.7
59,408,0.029560,25.9
59,409,0.023343,134.0
59,410,0.027976,26.0
59,411,0.025252,68.9
59,412,0.027368,133.9
59,413,0.027319,26.3
60,414,0.022045,34.8
60,415,0.026519,133.5
60,416,0.024098,32.4
60,417,0.026758,133.8
60,418,0.024101,68.8
60,419,0.024878,135.0
60,420,0.028980,135.9
61,421,0.025457,68.8
61,422,0.022388,70.1
61,423,0.026646,134.0
61,424,0.023691,68.5
61,425,0.033596,134.4
61,426,0.034749,68.8
61,427,0.026356,69.4
62,428,0.027321,68.7
62,429,0.020466,23.7
62,430,0.035191,68.7
62,431,0.024882,69.0
62,432,0.023372,28.3
62,433,0.024062,69.1
62,434,0.022929,26.0
63,435,0.035910,134.5
63,436,0.023984,69.0
63,437,0.024345,69.3
63,438,0.024738,133.7
63,439,0.023235,68.3
63,440,0.024467,25.6
63,441,0.026602,68.5
64,442,0.021771,46.5
64,443,0.034969,133.9
64,444,0.024251,24.5
64,445,0.024375,133.5
64,446,0.019438,68.8
64,447,0.022764,69.1
64,448,0.029751,133.7
65,449,0.023946,68.9
65,450,0.024992,74.8
65,451,0.028342,135.3
65,452,0.030063,68.6
65,453,0.023983,69.0
65,454,0.034934,68.8
65,455,0.024052,69.0
66,456,0.020960,68.6
66,457,0.027968,24.5
66,458,0.026628,26.1
66,459,0.020775,31.2
66,460,0.024007,68.9
66,461,0.021733,69.8
66,462,0.023220,68.5
67,463,0.019442,68.5
67,464,0.022707,68.7
67,465,0.029594,133.5
67,466,0.022743,29.0
67,467,0.024117,69.5
67,468,0.025989,33.9
67,469,0.021210,34.3
68,470,0.025833,69.2
68,471,0.022987,134.6
68,472,0.023394,68.7
68,473,0.027955,133.4
68,474,0.018557,24.5
68,475,0.020506,34.3
68,476,0.022951,29.1
69,477,0.028516,134.3
69,478,0.024201,134.3
69,479,0.019124,68.9
69,480,0.020098,22.6
69,481,0.024427,137.1
69,482,0.024661,68.9
69,483,0.029846,70.1
70,484,0.018954,24.0
70,485,0.015612,31.4
70,486,0.023169,68.9
70,487,0.022280,68.8
70,488,0.023991,133.9
70,489,0.031656,68.8
70,490,0.023297,68.5
71,491,0.019941,68.7
71,492,0.027556,74.5
71,493,0.020766,68.4
71,494,0.020444,68.7
71,495,0.018249,34.1
71,496,0.027815,134.4
71,497,0.019440,28.8
72,498,0.018284,69.1
72,499,0.018976,29.2
72,500,0.028751,69.4
72,501,0.021483,69.2
72,502,0.024037,68.6
72,503,0.025241,68.8
72,504,0.021754,68.8
73,505,0.020866,68.8
73,506,0.023383,68.4
73,507,0.021897,68.5
73,508,0.025211,69.3
73,509,0.023740,68.6
73,510,0.019734,26.8
73,511,0.020172,30.4
74,512,0.016938,29.0
74,513,0.018055,68.5
74,514,0.018719,68.4
74,515,0.014130,26.2
74,516,0.022739,68.7
74,517,0.031673,136.6
74,518,0.021895,68.7
75,519,0.021797,30.8
75,520,0.022573,70.0
75,521,0.020152,69.4
75,522,0.022062,68.7
75,523,0.026599,134.0
75,524,0.021284,135.5
75,525,0.026326,133.7
76,526,0.022594,69.2
76,527,0.021249,31.0
76,528,0.019884,41.1
76,529,0.018733,30.1
76,530,0.019411,31.8
76,531,0.019860,69.2
76,532,0.019072,68.5
77,533,0.028325,133.8
77,534,0.016776,26.8
77,535,0.023372,36.2
77,536,0.028649,68.6
77,537,0.021419,134.7
77,538,0.023153,30.4
77,539,0.020163,27.9
78,540,0.021843,69.4
78,541,0.018002,69.3
78,542,0.022672,134.4
78,543,0.020298,69.2
78,544,0.032241,133.4
78,545,0.022110,68.5
78,546,0.019765,68.8
79,547,0.025951,133.9
79,548,0.026299,68.5
79,549,0.019166,68.6
79,550,0.025485,134.0
79,551,0.020011,68.4
79,552,0.026469,133.5
79,553,0.033323,134.3
80,554,0.021303,68.5
80,555,0.019109,68.8
80,556,0.022834,69.5
80,557,0.021944,23.2
80,558,0.022184,68.5
80,559,0.019200,25.5
80,560,0.025006,142.0
81,561,0.014556,29.5
81,562,0.025438,134.0
81,563,0.021161,69.0
81,564,0.016906,21.5
81,565,0.022985,68.5
81,566,0.020541,69.0
81,567,0.017442,68.6
82,568,0.020986,68.7
82,569,0.020887,134.2
82,570,0.021155,135.0
82,571,0.020515,22.4
82,572,0.019466,30.6
82,573,0.020773,32.5
82,574,0.017038,69.1
83,575,0.018969,35.8
83,576,0.025116,69.1
83,577,0.018441,31.1
83,578,0.020185,133.6
83,579,0.019989,68.5
83,580,0.021489,27.8
83,581,0.028317,133.7
84,582,0.022162,28.0
84,583,0.019277,68.5
84,584,0.016926,32.8
84,585,0.021931,133.9
84,586,0.019866,68.6
84,587,0.019972,68.6
84,588,0.023672,133.8
85,589,0.018588,69.0
85,590,0.026391,133.6
85,591,0.024741,25.8
85,592,0.023963,68.8
85,593,0.026395,68.9
85,594,0.026137,135.7
85,595,0.021139,69.3
86,596,0.021611,37.3
86,597,0.015321,27.9
86,598,0.016281,34.1
86,599,0.016482,36.0
86,600,0.023577,69.0
86,601,0.022640,37.3
86,602,0.022649,69.0
87,603,0.016998,29.1
87,604,0.019736,68.6
87,605,0.016507,68.9
87,606,0.021845,133.9
87,607,0.026041,69.0
87,608,0.018062,29.2
87,609,0.028251,69.0
88,610,0.018873,69.1
88,611,0.020120,136.5
88,612,0.019902,69.6
88,613,0.021568,69.1
88,614,0.018184,133.6
88,615,0.017511,69.1
88,616,0.025243,141.1
89,617,0.017784,30.4
89,618,0.021468,68.9
89,619,0.026284,69.4
89,620,0.022569,134.3
89,621,0.021244,32.3
89,622,0.019762,68.6
89,623,0.021700,133.7
90,624,0.018332,133.4
90,625,0.018265,69.1
90,626,0.021443,68.9
90,627,0.021245,134.1
90,628,0.020019,68.7
90,629,0.029573,134.4
90,630,0.018968,134.4
91,631,0.016685,68.7
91,632,0.018497,68.6
91,633,0.022208,68.7
91,634,0.018013,21.1
91,635,0.025984,134.0
91,636,0.018407,68.6
91,637,0.020267,68.5
92,638,0.023782,135.5
92,639,0.019810,68.9
92,640,0.020210,68.8
92,641,0.022111,69.0
92,642,0.018366,68.8
92,643,0.019322,73.5
92,644,0.023047,68.6
93,645,0.019254,68.8
93,646,0.017718,68.6
93,647,0.021408,133.9
93,648,0.022470,68.5
93,649,0.019391,69.1
93,650,0.019833,70.0
93,651,0.018801,72.0
94,652,0.019803,68.9
94,653,0.021520,134.4
94,654,0.021515,134.0
94,655,0.024667,134.0
94,656,0.025454,68.9
94,657,0.021995,133.5
94,658,0.019336,133.6
95,659,0.018126,68.5
95,660,0.020092,135.0
95,661,0.021848,135.0
95,662,0.018550,134.4
95,663,0.030102,134.0
95,664,0.022860,31.6
95,665,0.022368,30.3
96,666,0.016807,68.9
96,667,0.028453,134.0
96,668,0.017587,33.1
96,669,0.019878,69.0
96,670,0.017309,33.9
96,671,0.022445,69.3
96,672,0.022187,133.5
97,673,0.020132,133.8
97,674,0.015585,68.6
97,675,0.020354,134.1
97,676,0.020508,25.8
97,677,0.024359,133.5
97,678,0.016619,23.9
97,679,0.021386,69.8
98,680,0.020850,75.2
98,681,0.018721,135.4
98,682,0.015749,27.8
98,683,0.018502,69.3
98,684,0.019131,68.7
98,685,0.015674,29.3
98,686,0.017661,68.8
99,687,0.017815,68.5
99,688,0.015304,69.0
99,689,0.021265,137.3
99,690,0.023728,134.1
99,691,0.022067,68.8
99,692,0.019127,68.8
99,693,0.023748,68.5
100,694,0.022828,69.0
100,695,0.018029,135.8
100,696,0.020869,68.9
100,697,0.024079,134.3
100,698,0.015032,68.9
100,699,0.015952,68.9
100,700,0.022368,68.7
101,701,0.018421,68.4
101,702,0.022057,69.8
101,703,0.020558,134.1
101,704,0.018261,68.6
101,705,0.019887,133.7
101,706,0.017582,68.8
101,707,0.017326,70.5
102,708,0.016131,29.9
102,709,0.016715,30.7
102,710,0.022050,134.5
102,711,0.017168,133.8
102,712,0.018322,25.8
102,713,0.016862,135.7
102,714,0.018338,68.7
103,715,0.016148,69.0
103,716,0.020955,133.6
103,717,0.017140,69.0
103,718,0.017355,69.4
103,719,0.017434,69.0
103,720,0.024420,69.0
103,721,0.019139,68.8
104,722,0.020389,68.8
104,723,0.015676,68.8
104,724,0.023625,134.1
104,725,0.020251,68.9
104,726,0.019329,35.6
104,727,0.021483,70.8
104,728,0.020318,68.8
105,729,0.016863,68.8
105,730,0.022896,68.8
105,731,0.023162,133.7
105,732,0.018406,133.8
105,733,0.024879,134.0
105,734,0.021283,134.4
105,735,0.020968,133.6
106,736,0.017010,133.5
106,737,0.028038,133.5
106,738,0.022299,69.2
106,739,0.017458,29.3
106,740,0.022359,32.0
106,741,0.021212,69.0
106,742,0.023392,135.1
107,743,0.021366,68.5
107,744,0.016564,23.0
107,745,0.024468,134.2
107,746,0.015285,69.4
107,747,0.016593,68.8
107,748,0.019699,68.9
107,749,0.016858,69.0
108,750,0.022541,68.8
108,751,0.022146,134.7
108,752,0.019434,73.4
108,753,0.017600,68.9
108,754,0.013143,27.2
108,755,0.018582,133.6
108,756,0.018954,69.7
109,757,0.017667,27.4
109,758,0.017699,69.0
109,759,0.017007,69.4
109,760,0.015264,69.8
109,761,0.025696,134.0
109,762,0.012151,30.1
109,763,0.016998,133.8
110,764,0.017570,68.3
110,765,0.024958,133.4
110,766,0.014356,23.5
110,767,0.016550,69.6
110,768,0.020337,133.9
110,769,0.018049,68.8
110,770,0.022348,69.5
111,771,0.015453,68.5
111,772,0.015614,22.4
111,773,0.010784,30.6
111,774,0.017432,134.0
111,775,0.020538,26.7
111,776,0.018074,68.8
111,777,0.017578,69.2
112,778,0.015807,26.6
112,779,0.013296,68.9
112,780,0.014605,68.9
112,781,0.020521,133.9
112,782,0.024400,133.4
112,783,0.022577,68.7
112,784,0.017836,68.6
113,785,0.027030,133.6
113,786,0.018047,68.8
113,787,0.014405,77.2
113,788,0.021343,69.2
113,789,0.018424,68.8
113,790,0.015014,21.3
113,791,0.027292,68.4
114,792,0.018625,68.9
114,793,0.019093,68.7
114,794,0.020711,139.1
114,795,0.028283,133.5
114,796,0.023532,133.6
114,797,0.021820,68.8
114,798,0.022647,69.1
115,799,0.022106,133.6
115,800,0.022199,68.8
115,801,0.019625,69.4
115,802,0.019105,69.3
115,803,0.020511,133.9
115,804,0.022798,133.7
115,805,0.019847,68.9
116,806,0.017884,30.4
116,807,0.021599,133.8
116,808,0.018970,68.9
116,809,0.018433,69.5
116,810,0.016441,29.7
116,811,0.024482,133.5
116,812,0.013776,30.1
117,813,0.015517,134.1
117,814,0.016838,69.1
117,815,0.015768,22.4
117,816,0.022665,133.9
117,817,0.018937,68.8
117,818,0.017703,23.7
117,819,0.018802,69.4
118,820,0.017563,68.6
118,821,0.012809,68.4
118,822,0.017958,68.7
118,823,0.022089,133.8
118,824,0.021666,133.8
118,825,0.019068,133.9
118,826,0.017729,139.3
119,827,0.019949,135.2
119,828,0.017234,69.4
119,829,0.016588,69.2
119,830,0.014783,68.5
119,831,0.017562,68.8
119,832,0.016648,69.1
119,833,0.014346,32.4
120,834,0.013020,28.2
120,835,0.017419,133.7
120,836,0.022377,75.6
120,837,0.021224,68.7
120,838,0.014252,35.0
120,839,0.017844,68.9
120,840,0.021735,134.0
121,841,0.016064,69.8
121,842,0.019752,32.2
121,843,0.015304,29.4
121,844,0.018107,68.5
121,845,0.021456,69.1
121,846,0.012723,29.4
121,847,0.017559,68.7
122,848,0.021696,134.1
122,849,0.018970,134.0
122,850,0.012403,24.9
122,851,0.011900,31.5
122,852,0.014327,30.3
122,853,0.015635,134.6
122,854,0.015713,69.1
123,855,0.019125,69.8
123,856,0.016531,133.9
123,857,0.022284,133.6
123,858,0.016239,135.5
123,859,0.016055,25.2
123,860,0.021059,68.9
123,861,0.018858,134.0
124,862,0.013792,25.7
124,863,0.013149,68.8
124,864,0.019276,134.3
124,865,0.015249,32.9
124,866,0.023213,134.9
124,867,0.014022,34.3
124,868,0.018411,76.5
125,869,0.022105,69.0
125,870,0.014859,26.6
125,871,0.013664,28.0
125,872,0.018627,68.8
125,873,0.020263,133.6
125,874,0.019068,133.5
125,875,0.014321,27.0
126,876,0.015085,69.1
126,877,0.021974,69.9
126,878,0.018952,68.9
126,879,0.018120,134.0
126,880,0.017620,68.8
126,881,0.017948,68.5
126,882,0.025252,133.6
127,883,0.013551,70.2
127,884,0.019328,68.5
127,885,0.012442,21.7
127,886,0.018151,135.2
127,887,0.012987,24.4
127,888,0.013550,68.6
127,889,0.020219,68.6
128,890,0.016317,26.6
128,891,0.015315,68.8
128,892,0.021377,136.1
128,893,0.021659,134.4
128,894,0.017542,69.2
128,895,0.014366,70.8
128,896,0.016831,69.9
129,897,0.016509,133.6
129,898,0.016573,25.5
129,899,0.023007,68.9
129,900,0.018660,69.0
129,901,0.026139,134.0
129,902,0.020957,133.6
129,903,0.016203,68.7
130,904,0.018566,135.5
130,905,0.014406,69.1
130,906,0.017721,31.3
130,907,0.018879,71.2
130,908,0.018367,68.9
130,909,0.015241,135.2
130,910,0.017895,133.6
131,911,0.017460,68.6
131,912,0.014385,23.5
131,913,0.019064,133.9
131,914,0.018300,69.7
131,915,0.022350,134.1
131,916,0.019091,68.8
131,917,0.019285,134.2
132,918,0.016146,29.1
132,919,0.016605,68.7
132,920,0.017288,68.9
132,921,0.015968,68.8
132,922,0.015452,28.8
132,923,0.016546,34.6
132,924,0.015785,36.0
133,925,0.021742,69.2
133,926,0.025238,68.7
133,927,0.017619,68.4
133,928,0.017354,68.5
133,929,0.013763,31.9
133,930,0.015481,70.0
133,931,0.022692,68.8
134,932,0.012915,34.7
134,933,0.021559,134.1
134,934,0.018641,68.8
134,935,0.018787,68.8
134,936,0.014805,134.7
134,937,0.016674,68.8
134,938,0.018931,134.3
135,939,0.015022,76.5
135,940,0.017577,69.0
135,941,0.017725,133.7
135,942,0.018495,68.9
135,943,0.014856,68.8
135,944,0.018497,70.1
135,945,0.020169,69.2
136,946,0.015998,70.9
136,947,0.017481,32.1
136,948,0.018884,133.5
136,949,0.015532,68.6
136,950,0.014045,68.6
136,951,0.018313,68.7
136,952,0.019609,68.9
137,953,0.013119,68.7
137,954,0.011257,27.4
137,955,0.012102,33.3
137,956,0.014966,36.0
137,957,0.018234,134.1
137,958,0.013458,69.2
137,959,0.013369,28.8
138,960,0.021121,68.9
138,961,0.013221,68.7
138,962,0.013553,69.1
138,963,0.013348,68.8
138,964,0.018471,133.9
138,965,0.015177,133.3
138,966,0.013268,68.6
139,967,0.016567,69.0
139,968,0.015309,31.2
139,969,0.012500,33.7
139,970,0.015474,68.8
139,971,0.012499,30.1
139,972,0.016762,32.9
139,973,0.015021,69.1
140,974,0.016367,69.5
140,975,0.017299,68.8
140,976,0.015163,68.8
140,977,0.017962,28.3
140,978,0.014503,68.6
140,979,0.013129,26.0
140,980,0.019973,135.7
141,981,0.018172,133.6
141,982,0.014171,26.6
141,983,0.014440,68.6
141,984,0.014247,38.7
141,985,0.016275,30.2
141,986,0.015423,29.7
141,987,0.017523,133.7
142,988,0.012567,22.3
142,989,0.016253,69.0
142,990,0.012925,30.0
142,991,0.011397,68.9
142,992,0.019891,69.2
142,993,0.014213,29.1
142,994,0.014216,68.6
143,995,0.018153,133.6
143,996,0.018770,133.9
143,997,0.015552,135.5
143,998,0.011571,31.6
143,999,0.022257,133.6
143,1000,0.016987,70.2
143,1001,0.013195,25.1
144,1002,0.015625,68.5
144,1003,0.022190,133.1
144,1004,0.010855,31.9
144,1005,0.016170,68.8
144,1006,0.013355,68.7
144,1007,0.012712,31.3
144,1008,0.020011,134.7
145,1009,0.012474,36.6
145,1010,0.012147,69.1
145,1011,0.013604,70.3
145,1012,0.014814,133.8
145,1013,0.018930,69.3
145,1014,0.018258,27.9
145,1015,0.016027,68.7
146,1016,0.016536,133.6
146,1017,0.016164,68.7
146,1018,0.019970,68.7
146,1019,0.017585,68.7
146,1020,0.015854,69.4
146,1021,0.015222,68.7
146,1022,0.024021,133.7
147,1023,0.017148,70.1
147,1024,0.018932,133.1
147,1025,0.017804,68.5
147,1026,0.018709,68.5
147,1027,0.018660,73.8
147,1028,0.021008,133.8
147,1029,0.016689,30.5
148,1030,0.020731,68.9
148,1031,0.016877,133.9
148,1032,0.013953,26.6
148,1033,0.019337,68.7
148,1034,0.017360,69.4
148,1035,0.020802,68.8
148,1036,0.019552,68.6
149,1037,0.014347,21.9
149,1038,0.015771,68.8
149,1039,0.020384,68.8
149,1040,0.013547,28.8
149,1041,0.017518,68.5
149,1042,0.013417,30.7
149,1043,0.021455,136.6
150,1044,0.012237,27.6
150,1045,0.015446,68.5
150,1046,0.017461,133.7
150,1047,0.017604,134.1
150,1048,0.014023,68.6
150,1049,0.020002,133.6
150,1050,0.011587,30.3
151,1051,0.018676,133.6
151,1052,0.015328,134.0
151,1053,0.017954,68.8
151,1054,0.014181,30.5
151,1055,0.015231,69.2
151,1056,0.019571,138.2
151,1057,0.015265,25.8
152,1058,0.014658,36.0
152,1059,0.010805,31.0
152,1060,0.018940,133.4
152,1061,0.017337,68.5
152,1062,0.013892,68.7
152,1063,0.021951,133.6
152,1064,0.012149,68.5
153,1065,0.016225,133.2
153,1066,0.014048,68.5
153,1067,0.013701,68.5
153,1068,0.035098,68.6
153,1069,0.015178,27.3
153,1070,0.015785,33.6
153,1071,0.014007,69.0
154,1072,0.014833,68.6
154,1073,0.014596,133.3
154,1074,0.013114,26.9
154,1075,0.016707,68.5
154,1076,0.018506,134.0
154,1077,0.017468,68.9
154,1078,0.021213,68.7
155,1079,0.016470,24.9
155,1080,0.015499,68.7
155,1081,0.016051,69.0
155,1082,0.013272,33.4
155,1083,0.017710,69.0
155,1084,0.018159,134.5
155,1085,0.016407,68.8
156,1086,0.016404,68.6
156,1087,0.017816,69.6
156,1088,0.018623,68.6
156,1089,0.014346,68.7
156,1090,0.014119,68.6
156,1091,0.017041,68.6
156,1092,0.018499,133.1
157,1093,0.019324,133.7
157,1094,0.012720,69.1
157,1095,0.015420,134.1
157,1096,0.019124,133.6
157,1097,0.016118,32.0
157,1098,0.016975,27.9
157,1099,0.013122,39.2
158,1100,0.021521,133.9
158,1101,0.022589,135.2
158,1102,0.016329,28.2
158,1103,0.016372,30.2
158,1104,0.019592,68.6
158,1105,0.015040,68.9
158,1106,0.014088,31.3
159,1107,0.015146,31.5
159,1108,0.019188,68.6
159,1109,0.011756,29.5
159,1110,0.013355,30.8
159,1111,0.020842,142.4
159,1112,0.016192,68.4
159,1113,0.022867,133.5
160,1114,0.015097,29.2
160,1115,0.013137,69.9
160,1116,0.016538,69.2
160,1117,0.018488,133.7
160,1118,0.014215,69.5
160,1119,0.014255,33.5
160,1120,0.014806,20.9
161,1121,0.015196,30.9
161,1122,0.020834,133.4
161,1123,0.014659,68.5
161,1124,0.016583,68.5
161,1125,0.015994,68.9
161,1126,0.017647,135.8
161,1127,0.012990,70.8
162,1128,0.016405,69.2
162,1129,0.019779,134.1
162,1130,0.013241,134.1
162,1131,0.019680,68.7
162,1132,0.017232,28.4
162,1133,0.017129,68.8
162,1134,0.012148,24.5
163,1135,0.011726,24.4
163,1136,0.014592,68.9
163,1137,0.020227,133.6
163,1138,0.015885,69.1
163,1139,0.019707,135.0
163,1140,0.014586,133.5
163,1141,0.014406,68.5
164,1142,0.016168,68.8
164,1143,0.012910,23.6
164,1144,0.014325,24.8
164,1145,0.016855,68.9
164,1146,0.016467,133.1
164,1147,0.015625,68.9
164,1148,0.018518,68.9
165,1149,0.014374,26.7
165,1150,0.022342,133.6
165,1151,0.011117,68.5
165,1152,0.020752,133.3
165,1153,0.013712,68.5
165,1154,0.016922,133.8
165,1155,0.015469,134.0
166,1156,0.016652,28.7
166,1157,0.013658,68.7
166,1158,0.014060,68.5
166,1159,0.017314,69.2
166,1160,0.012938,24.5
166,1161,0.017847,68.5
166,1162,0.015238,31.2
167,1163,0.013175,68.7
167,1164,0.014692,68.5
167,1165,0.010428,29.2
167,1166,0.015426,24.4
167,1167,0.012678,68.5
167,1168,0.014397,69.9
167,1169,0.020634,68.7
168,1170,0.024530,68.8
168,1171,0.015395,30.6
168,1172,0.012640,30.2
168,1173,0.020940,133.7
168,1174,0.016425,26.6
168,1175,0.014005,34.2
168,1176,0.016777,133.9
169,1177,0.015259,134.2
169,1178,0.016743,133.7
169,1179,0.016650,134.0
169,1180,0.011635,30.8
169,1181,0.011967,29.4
169,1182,0.019281,68.4
169,1183,0.013726,68.8
170,1184,0.014526,133.6
170,1185,0.016234,134.1
170,1186,0.012976,31.7
170,1187,0.014606,133.9
170,1188,0.012064,69.4
170,1189,0.017265,69.0
170,1190,0.014607,68.6
171,1191,0.015679,68.4
171,1192,0.012663,69.1
171,1193,0.017421,133.2
171,1194,0.012982,68.5
171,1195,0.011515,31.3
171,1196,0.016218,69.1
171,1197,0.012611,29.4
172,1198,0.011022,30.7
172,1199,0.009392,35.5
172,1200,0.015934,68.9
172,1201,0.012237,20.7
172,1202,0.012425,21.6
172,1203,0.020100,133.7
172,1204,0.016782,133.6
173,1205,0.015918,68.9
173,1206,0.009901,28.2
173,1207,0.017956,133.8
173,1208,0.017671,74.9
173,1209,0.016271,68.9
173,1210,0.018269,69.0
173,1211,0.019044,68.6
174,1212,0.016501,133.7
174,1213,0.009426,27.4
174,1214,0.016500,133.6
174,1215,0.012789,69.6
174,1216,0.013516,69.5
174,1217,0.018494,133.5
174,1218,0.017636,69.8
175,1219,0.017545,69.0
175,1220,0.019268,68.3
175,1221,0.013632,27.7
175,1222,0.014288,68.6
175,1223,0.012946,68.7
175,1224,0.014496,69.5
175,1225,0.010958,32.3
176,1226,0.015249,69.1
176,1227,0.014859,68.5
176,1228,0.016259,134.3
176,1229,0.013235,68.9
176,1230,0.016667,133.9
176,1231,0.013138,24.9
176,1232,0.019181,68.6
177,1233,0.014708,133.5
177,1234,0.014743,68.6
177,1235,0.011621,26.0
177,1236,0.013246,28.6
177,1237,0.018339,133.8
177,1238,0.017589,69.4
177,1239,0.016034,134.0
178,1240,0.014298,133.5
178,1241,0.014428,69.0
178,1242,0.016762,68.5
178,1243,0.014984,68.5
178,1244,0.020121,133.8
178,1245,0.016643,134.1
178,1246,0.015740,26.0
179,1247,0.016973,134.9
179,1248,0.015780,70.4
179,1249,0.012417,30.5
179,1250,0.013141,21.6
179,1251,0.015407,30.3
179,1252,0.013882,69.4
179,1253,0.014369,69.1
180,1254,0.012931,69.2
180,1255,0.017091,69.5
180,1256,0.017309,133.5
180,1257,0.014435,68.9
180,1258,0.012994,32.9
180,1259,0.013084,68.7
180,1260,0.014407,33.8
181,1261,0.016537,68.5
181,1262,0.015687,68.7
181,1263,0.014307,133.5
181,1264,0.015348,133.4
181,1265,0.015879,68.8
181,1266,0.014977,133.2
181,1267,0.021366,133.4
182,1268,0.015863,133.7
182,1269,0.014160,68.4
182,1270,0.019129,133.2
182,1271,0.012426,28.3
182,1272,0.015333,134.6
182,1273,0.012313,68.9
182,1274,0.015493,31.8
183,1275,0.014885,36.3
183,1276,0.011651,28.6
183,1277,0.015512,69.4
183,1278,0.015053,68.5
183,1279,0.013348,68.7
183,1280,0.012524,68.4
183,1281,0.016244,68.6
184,1282,0.021982,133.4
184,1283,0.016374,68.7
184,1284,0.011461,21.6
184,1285,0.017752,133.4
184,1286,0.013170,28.2
184,1287,0.014047,68.6
184,1288,0.018118,68.7
185,1289,0.020528,133.4
185,1290,0.014028,69.2
185,1291,0.015290,68.7
185,1292,0.016950,133.9
185,1293,0.013025,27.5
185,1294,0.012821,68.5
185,1295,0.016807,68.5
186,1296,0.011354,68.5
186,1297,0.012406,133.3
186,1298,0.011806,23.3
186,1299,0.016039,68.5
186,1300,0.016528,30.0
186,1301,0.013919,68.8
186,1302,0.011742,27.9
187,1303,0.017755,68.6
187,1304,0.011510,33.9
187,1305,0.015556,133.7
187,1306,0.015880,32.8
187,1307,0.014060,68.8
187,1308,0.014384,73.9
187,1309,0.017973,133.6
188,1310,0.011194,68.6
188,1311,0.009927,31.7
188,1312,0.012232,32.3
188,1313,0.011938,34.2
188,1314,0.014330,68.6
188,1315,0.014337,68.6
188,1316,0.014207,71.6
189,1317,0.016092,68.7
189,1318,0.013327,133.5
189,1319,0.012786,69.4
189,1320,0.011776,70.2
189,1321,0.013237,34.0
189,1322,0.017644,134.2
189,1323,0.014226,69.1
190,1324,0.012934,68.5
190,1325,0.011821,68.6
190,1326,0.017688,133.8
190,1327,0.015371,133.4
190,1328,0.010639,24.6
190,1329,0.017307,133.9
190,1330,0.019979,134.2
191,1331,0.011359,29.1
191,1332,0.010222,26.1
191,1333,0.012633,31.7
191,1334,0.015427,74.5
191,1335,0.011325,69.1
191,1336,0.018993,133.5
191,1337,0.010283,26.9
192,1338,0.013488,68.7
192,1339,0.011241,28.5
192,1340,0.012073,68.6
192,1341,0.014579,68.4
192,1342,0.014805,68.6
192,1343,0.013539,22.6
192,1344,0.013291,68.4
193,1345,0.017263,133.4
193,1346,0.013467,134.0
193,1347,0.014908,133.6
193,1348,0.009277,21.0
193,1349,0.012088,133.9
193,1350,0.014012,68.6
193,1351,0.018271,133.3
194,1352,0.012726,133.5
194,1353,0.011777,28.9
194,1354,0.009677,27.3
194,1355,0.009587,31.1
194,1356,0.009716,68.5
194,1357,0.019118,69.1
194,1358,0.010529,30.1
195,1359,0.014907,70.0
195,1360,0.014277,133.2
195,1361,0.016245,68.5
195,1362,0.016478,135.6
195,1363,0.014609,68.7
195,1364,0.014931,68.6
195,1365,0.013049,133.9
196,1366,0.016330,68.7
196,1367,0.014735,134.0
196,1368,0.018879,133.4
196,1369,0.014303,68.5
196,1370,0.011724,68.6
196,1371,0.013021,68.7
196,1372,0.016068,68.7
197,1373,0.013724,26.6
197,1374,0.014923,133.9
197,1375,0.017845,68.6
197,1376,0.012163,28.2
197,1377,0.011498,27.9
197,1378,0.018479,133.4
197,1379,0.016168,68.8
198,1380,0.011519,27.6
198,1381,0.016716,133.6
198,1382,0.013621,70.2
198,1383,0.014957,69.1
198,1384,0.012505,28.9
198,1385,0.012832,70.1
198,1386,0.017012,134.1
199,1387,0.015046,134.2
199,1388,0.009026,22.2
199,1389,0.012252,68.6
199,1390,0.013355,68.4
199,1391,0.011825,25.1
199,1392,0.013094,69.0
199,1393,0.013639,26.7
200,1394,0.012877,32.8
200,1395,0.015730,69.0
200,1396,0.013829,141.2
200,1397,0.014201,27.7
200,1398,0.011751,68.5
200,1399,0.010655,27.2
200,1400,0.013601,69.0
201,1401,0.017735,68.5
201,1402,0.011914,68.4
201,1403,0.012019,23.3
201,1404,0.015449,68.5
201,1405,0.013445,68.4
201,1406,0.013831,69.7
201,1407,0.013523,68.9
202,1408,0.010996,68.7
202,1409,0.018723,133.9
202,1410,0.010375,69.8
202,1411,0.011081,69.3
202,1412,0.019086,133.4
202,1413,0.013385,68.7
202,1414,0.011952,23.6
203,1415,0.012588,68.4
203,1416,0.011012,68.7
203,1417,0.019437,69.3
203,1418,0.012721,133.5
203,1419,0.011634,32.8
203,1420,0.014262,69.2
203,1421,0.019710,133.8
204,1422,0.015397,134.0
204,1423,0.014934,133.6
204,1424,0.013842,68.6
204,1425,0.012474,27.1
204,1426,0.013949,32.8
204,1427,0.017082,68.7
204,1428,0.013409,69.9
205,1429,0.015512,133.7
205,1430,0.013366,68.8
205,1431,0.012353,28.8
205,1432,0.016202,69.0
205,1433,0.011746,69.7
205,1434,0.015666,68.5
205,1435,0.014276,69.0
206,1436,0.015509,68.6
206,1437,0.011488,28.4
206,1438,0.011890,68.8
206,1439,0.015573,68.7
206,1440,0.014200,68.3
206,1441,0.013374,68.4
206,1442,0.018774,133.3
207,1443,0.015925,133.9
207,1444,0.012443,26.5
207,1445,0.012705,133.7
207,1446,0.011111,39.3
207,1447,0.015478,70.2
207,1448,0.010961,32.6
207,1449,0.018558,133.6
208,1450,0.011754,133.9
208,1451,0.013126,34.1
208,1452,0.012240,68.6
208,1453,0.014861,134.3
208,1454,0.020003,134.0
208,1455,0.014881,69.3
208,1456,0.012926,69.0
209,1457,0.012678,133.4
209,1458,0.010012,32.3
209,1459,0.012198,28.4
209,1460,0.011306,32.1
209,1461,0.014763,68.5
209,1462,0.011396,68.5
209,1463,0.014560,69.0
210,1464,0.013795,33.9
210,1465,0.014532,68.6
210,1466,0.010638,69.1
210,1467,0.014106,133.2
210,1468,0.010652,68.7
210,1469,0.019151,133.7
210,1470,0.013911,68.9
211,1471,0.010208,28.7
211,1472,0.017651,133.9
211,1473,0.013598,68.8
211,1474,0.013425,133.3
211,1475,0.011923,22.6
211,1476,0.009669,28.0
211,1477,0.010714,30.9
212,1478,0.010430,30.7
212,1479,0.012823,29.7
212,1480,0.012514,74.3
212,1481,0.014673,68.7
212,1482,0.011455,68.7
212,1483,0.012002,69.0
212,1484,0.014765,68.7
213,1485,0.017949,133.6
213,1486,0.010593,68.5
213,1487,0.012106,68.9
213,1488,0.011754,74.6
213,1489,0.010665,69.5
213,1490,0.013390,133.9
213,1491,0.013867,22.9
214,1492,0.015689,133.5
214,1493,0.009481,68.5
214,1494,0.011310,21.3
214,1495,0.014213,133.6
214,1496,0.010867,68.8
214,1497,0.012699,68.7
214,1498,0.011920,69.3
215,1499,0.018222,133.5
215,1500,0.010370,68.8
215,1501,0.013870,30.6
215,1502,0.012851,73.1
215,1503,0.010272,43.3
215,1504,0.011596,36.0
215,1505,0.011673,34.7
216,1506,0.015208,69.5
216,1507,0.012225,68.7
216,1508,0.019506,133.5
216,1509,0.014854,68.9
216,1510,0.016723,134.3
216,1511,0.014377,136.2
216,1512,0.011669,70.9
217,1513,0.017670,133.8
217,1514,0.010510,30.6
217,1515,0.019566,133.7
217,1516,0.012348,30.6
217,1517,0.019348,134.7
217,1518,0.013257,68.7
217,1519,0.012948,28.5
218,1520,0.015301,134.8
218,1521,0.014972,68.7
218,1522,0.018353,133.3
218,1523,0.011353,68.7
218,1524,0.012010,68.6
218,1525,0.015786,25.8
218,1526,0.015564,68.5
219,1527,0.012424,29.1
219,1528,0.015223,134.0
219,1529,0.012176,25.6
219,1530,0.013681,31.8
219,1531,0.016560,133.7
219,1532,0.013108,133.6
219,1533,0.018386,133.4
220,1534,0.010830,69.6
220,1535,0.016097,68.8
220,1536,0.011365,68.4
220,1537,0.012416,69.9
220,1538,0.021032,133.4
220,1539,0.011611,68.3
220,1540,0.012071,21.5
221,1541,0.012127,68.8
221,1542,0.014760,133.6
221,1543,0.012146,68.8
221,1544,0.010562,25.7
221,1545,0.012082,68.8
221,1546,0.013326,28.1
221,1547,0.013633,68.5
222,1548,0.012973,68.4
222,1549,0.011491,68.7
222,1550,0.014078,34.5
222,1551,0.012454,27.4
222,1552,0.012353,34.7
222,1553,0.013545,68.5
222,1554,0.011320,27.6
223,1555,0.015114,134.0
223,1556,0.013273,28.7
223,1557,0.013727,68.4
223,1558,0.011045,68.5
223,1559,0.013115,68.4
223,1560,0.015536,68.6
223,1561,0.016237,133.5
224,1562,0.011237,27.8
224,1563,0.011769,68.6
224,1564,0.014622,68.4
224,1565,0.011427,24.6
224,1566,0.014894,133.5
224,1567,0.012698,68.6
224,1568,0.013882,134.1
225,1569,0.009825,68.9
225,1570,0.013125,68.4
225,1571,0.015381,68.7
225,1572,0.015037,68.7
225,1573,0.008191,26.4
225,1574,0.015707,133.9
225,1575,0.012560,22.3
226,1576,0.014187,134.8
226,1577,0.011447,68.6
226,1578,0.013279,68.5
226,1579,0.013206,68.4
226,1580,0.008733,24.8
226,1581,0.012258,68.9
226,1582,0.017240,69.0
227,1583,0.014054,133.5
227,1584,0.015497,133.9
227,1585,0.010852,72.5
227,1586,0.012657,133.1
227,1587,0.011650,24.7
227,1588,0.014094,68.9
227,1589,0.011147,133.5
228,1590,0.011404,31.5
228,1591,0.015195,68.7
228,1592,0.010417,68.4
228,1593,0.013162,136.5
228,1594,0.013735,68.6
228,1595,0.017899,133.3
228,1596,0.011486,133.6
229,1597,0.016151,133.5
229,1598,0.008967,24.7
229,1599,0.010833,27.7
229,1600,0.014470,134.0
229,1601,0.013036,70.8
229,1602,0.012538,68.4
229,1603,0.012518,133.6
230,1604,0.010030,31.3
230,1605,0.011432,69.7
230,1606,0.010790,31.4
230,1607,0.013368,69.5
230,1608,0.012320,33.9
230,1609,0.012454,68.8
230,1610,0.011843,133.5
231,1611,0.013537,133.9
231,1612,0.019271,133.9
231,1613,0.011592,69.1
231,1614,0.009820,29.6
231,1615,0.013835,70.3
231,1616,0.020587,135.3
231,1617,0.016014,68.4
232,1618,0.013968,68.5
232,1619,0.013594,26.6
232,1620,0.015131,68.5
232,1621,0.014406,133.4
232,1622,0.011794,40.4
232,1623,0.012405,136.1
232,1624,0.015928,70.0
233,1625,0.013919,69.1
233,1626,0.012180,76.8
233,1627,0.013544,68.5
233,1628,0.012001,37.1
233,1629,0.010787,35.6
233,1630,0.015529,68.6
233,1631,0.015113,68.9
234,1632,0.011766,133.4
234,1633,0.008302,29.1
234,1634,0.014108,73.8
234,1635,0.014264,133.1
234,1636,0.013382,68.5
234,1637,0.011452,29.0
234,1638,0.011439,68.4
235,1639,0.012023,38.7
235,1640,0.011156,35.2
235,1641,0.015183,134.1
235,1642,0.013167,28.3
235,1643,0.012878,70.2
235,1644,0.010730,68.5
235,1645,0.010841,29.3
236,1646,0.014503,135.8
236,1647,0.016655,133.6
236,1648,0.008579,33.4
236,1649,0.011231,70.9
236,1650,0.012398,133.7
236,1651,0.013456,25.0
236,1652,0.012252,30.2
237,1653,0.011202,31.8
237,1654,0.011109,68.6
237,1655,0.013007,70.4
237,1656,0.011988,29.1
237,1657,0.017673,133.5
237,1658,0.013976,74.2
237,1659,0.011703,30.7
238,1660,0.010747,30.1
238,1661,0.016355,134.2
238,1662,0.011309,70.5
238,1663,0.011879,68.4
238,1664,0.010004,70.2
238,1665,0.013379,68.6
238,1666,0.016236,133.2
239,1667,0.012031,24.9
239,1668,0.010075,68.6
239,1669,0.011389,68.7
239,1670,0.015493,68.6
239,1671,0.013675,68.5
239,1672,0.010858,29.5
239,1673,0.012540,68.7
240,1674,0.011984,29.8
240,1675,0.011609,133.8
240,1676,0.013786,133.8
240,1677,0.017679,68.8
240,1678,0.012957,68.6
240,1679,0.013538,69.2
240,1680,0.013364,68.9
241,1681,0.010811,31.5
241,1682,0.013017,134.6
241,1683,0.014627,133.7
241,1684,0.024463,133.7
241,1685,0.011991,133.6
241,1686,0.011745,134.4
241,1687,0.015635,68.8
242,1688,0.010371,68.6
242,1689,0.009093,22.6
242,1690,0.015124,133.7
242,1691,0.008948,21.4
242,1692,0.012240,68.5
242,1693,0.011985,133.2
242,1694,0.011082,28.9
243,1695,0.010454,31.7
243,1696,0.008526,32.6
243,1697,0.009613,33.2
243,1698,0.012432,68.5
243,1699,0.012630,68.4
243,1700,0.012356,68.5
243,1701,0.014242,68.5
244,1702,0.011059,68.8
244,1703,0.013183,68.7
244,1704,0.010924,68.6
244,1705,0.010418,68.8
244,1706,0.011474,133.4
244,1707,0.017233,133.5
244,1708,0.013621,133.9
245,1709,0.012233,133.8
245,1710,0.012823,68.7
245,1711,0.011729,25.8
245,1712,0.011709,68.7
245,1713,0.012924,69.0
245,1714,0.012100,74.6
245,1715,0.015782,136.2
246,1716,0.014066,135.2
246,1717,0.016131,68.7
246,1718,0.013117,133.4
246,1719,0.010034,68.8
246,1720,0.011808,30.5
246,1721,0.011984,69.4
246,1722,0.013286,70.3
247,1723,0.012671,30.2
247,1724,0.015019,133.6
247,1725,0.013503,134.4
247,1726,0.012261,30.2
247,1727,0.013883,133.6
247,1728,0.014770,68.7
247,1729,0.008458,27.1
248,1730,0.012407,133.9
248,1731,0.012387,68.5
248,1732,0.010538,22.9
248,1733,0.011619,68.6
248,1734,0.014824,38.0
248,1735,0.010780,39.9
248,1736,0.013255,75.9
249,1737,0.012274,134.0
249,1738,0.010505,32.1
249,1739,0.010832,35.5
249,1740,0.028131,133.9
249,1741,0.010614,69.0
249,1742,0.013853,134.7
249,1743,0.020027,133.7
250,1744,0.011501,68.8
250,1745,0.013397,133.5
250,1746,0.014451,68.7
250,1747,0.011615,69.1
250,1748,0.014131,136.0
250,1749,0.014131,69.0
250,1750,0.017310,68.8
251,1751,0.009014,31.9
251,1752,0.010998,69.0
251,1753,0.012986,68.5
251,1754,0.012039,133.7
251,1755,0.015698,29.8
251,1756,0.012202,32.5
251,1757,0.012165,68.9
252,1758,0.016954,141.2
252,1759,0.011000,27.8
252,1760,0.013956,69.2
252,1761,0.015113,133.5
252,1762,0.010382,27.9
252,1763,0.011104,31.2
252,1764,0.016507,68.8
253,1765,0.011068,69.4
253,1766,0.012478,68.8
253,1767,0.013038,133.3
253,1768,0.013420,40.2
253,1769,0.014931,68.7
253,1770,0.016768,69.8
253,1771,0.014131,35.9
254,1772,0.010587,68.8
254,1773,0.013667,35.9
254,1774,0.014067,140.0
254,1775,0.013863,69.9
254,1776,0.013201,133.4
254,1777,0.013596,69.2
254,1778,0.012985,68.9
255,1779,0.010986,69.2
255,1780,0.009808,133.2
255,1781,0.009145,29.5
255,1782,0.017126,133.8
255,1783,0.012052,70.3
255,1784,0.014667,68.7
255,1785,0.009237,30.8
256,1786,0.011978,70.0
256,1787,0.010884,70.2
256,1788,0.010552,36.8
256,1789,0.013494,69.0
256,1790,0.011733,35.9
256,1791,0.013326,70.0
256,1792,0.008585,36.6
257,1793,0.010450,68.5
257,1794,0.014598,133.2
257,1795,0.015120,133.4
257,1796,0.010378,34.3
257,1797,0.009188,34.0
257,1798,0.012325,68.5
257,1799,0.014149,133.0
258,1800,0.012839,133.8
258,1801,0.016533,68.6
258,1802,0.007542,26.5
258,1803,0.018417,133.7
258,1804,0.009579,31.4
258,1805,0.010645,68.7
258,1806,0.012667,69.4
259,1807,0.011830,68.5
259,1808,0.010143,33.8
259,1809,0.010802,68.7
259,1810,0.009400,31.0
259,1811,0.009372,31.3
259,1812,0.011322,70.1
259,1813,0.012502,68.6
260,1814,0.010146,68.7
260,1815,0.012469,68.6
260,1816,0.010756,28.5
260,1817,0.010127,68.8
260,1818,0.014311,68.9
260,1819,0.016293,68.6
260,1820,0.011074,25.2
261,1821,0.009457,26.7
261,1822,0.011056,68.7
261,1823,0.010874,68.8
261,1824,0.008851,27.7
261,1825,0.010875,68.8
261,1826,0.011191,68.4
261,1827,0.012802,68.4
262,1828,0.010857,134.8
262,1829,0.010552,25.5
262,1830,0.010433,68.7
262,1831,0.009386,32.4
262,1832,0.009132,69.2
262,1833,0.013338,68.8
262,1834,0.017153,68.4
263,1835,0.008681,23.3
263,1836,0.013985,69.3
263,1837,0.008846,25.8
263,1838,0.009808,27.3
263,1839,0.012812,133.3
263,1840,0.010773,138.2
263,1841,0.011722,26.8
264,1842,0.011444,69.7
264,1843,0.010062,68.5
264,1844,0.012995,133.4
264,1845,0.016568,133.5
264,1846,0.016242,135.4
264,1847,0.011041,24.2
264,1848,0.011862,133.4
265,1849,0.015050,133.3
265,1850,0.010846,20.6
265,1851,0.013105,25.6
265,1852,0.013187,133.4
265,1853,0.017775,133.6
265,1854,0.013280,133.1
265,1855,0.012728,68.5
266,1856,0.010015,29.5
266,1857,0.009468,31.2
266,1858,0.012113,133.5
266,1859,0.012183,68.5
266,1860,0.010359,75.4
266,1861,0.011027,68.5
266,1862,0.014659,133.7
267,1863,0.012405,69.4
267,1864,0.014778,133.1
267,1865,0.011933,133.9
267,1866,0.012234,70.3
267,1867,0.014902,133.4
267,1868,0.012710,68.8
267,1869,0.012921,32.2
268,1870,0.010441,32.6
268,1871,0.011767,30.9
268,1872,0.010812,36.0
268,1873,0.011256,35.4
268,1874,0.008658,35.0
268,1875,0.010278,30.5
268,1876,0.013860,71.3
269,1877,0.012336,133.1
269,1878,0.010240,69.3
269,1879,0.015384,135.6
269,1880,0.012019,69.0
269,1881,0.010918,69.9
269,1882,0.008546,76.0
269,1883,0.011873,68.6
270,1884,0.008130,36.7
270,1885,0.007873,33.9
270,1886,0.010546,134.2
270,1887,0.011250,68.8
270,1888,0.012253,69.6
270,1889,0.014398,133.2
270,1890,0.010723,68.6
271,1891,0.009182,71.5
271,1892,0.013775,68.8
271,1893,0.010686,25.7
271,1894,0.010287,68.8
271,1895,0.009419,68.5
271,1896,0.014398,69.3
271,1897,0.015698,133.7
272,1898,0.014956,134.0
272,1899,0.013462,133.9
272,1900,0.008030,29.9
272,1901,0.012735,68.5
272,1902,0.008085,27.6
272,1903,0.009060,33.7
272,1904,0.012662,68.7
273,1905,0.011616,68.7
273,1906,0.010126,133.5
273,1907,0.007500,27.3
273,1908,0.011013,31.2
273,1909,0.009598,28.4
273,1910,0.018487,134.5
273,1911,0.010604,133.7
274,1912,0.010524,26.8
274,1913,0.009114,23.9
274,1914,0.012448,134.6
274,1915,0.009800,71.7
274,1916,0.012997,68.4
274,1917,0.012674,68.7
274,1918,0.010902,68.6
275,1919,0.011547,69.7
275,1920,0.009393,68.8
275,1921,0.010198,68.7
275,1922,0.012529,31.9
275,1923,0.009942,68.5
275,1924,0.012359,29.2
275,1925,0.013293,133.9
276,1926,0.010249,25.3
276,1927,0.012122,68.6
276,1928,0.018056,133.4
276,1929,0.010930,68.8
276,1930,0.013850,134.8
276,1931,0.009257,32.2
276,1932,0.009673,27.9
277,1933,0.017619,68.9
277,1934,0.009992,68.7
277,1935,0.010735,133.7
277,1936,0.010616,68.6
277,1937,0.011204,68.4
277,1938,0.014428,68.4
277,1939,0.007573,35.1
278,1940,0.014381,69.0
278,1941,0.012586,68.6
278,1942,0.009325,31.6
278,1943,0.018448,134.2
278,1944,0.010214,69.7
278,1945,0.010354,68.5
278,1946,0.008500,39.8
279,1947,0.014557,133.4
279,1948,0.010999,133.5
279,1949,0.011053,68.5
279,1950,0.010441,68.5
279,1951,0.010135,69.0
279,1952,0.010330,23.0
279,1953,0.010905,26.0
280,1954,0.009858,68.6
280,1955,0.008323,30.7
280,1956,0.008654,28.4
280,1957,0.011465,76.0
280,1958,0.009809,133.6
280,1959,0.010161,27.2
280,1960,0.012515,68.9
281,1961,0.011694,33.6
281,1962,0.008080,31.0
281,1963,0.017418,133.5
281,1964,0.010450,28.4
281,1965,0.012301,36.7
281,1966,0.016416,133.0
281,1967,0.012252,68.8
282,1968,0.012409,68.5
282,1969,0.012550,68.3
282,1970,0.008104,134.3
282,1971,0.012536,133.4
282,1972,0.009205,69.1
282,1973,0.012218,68.7
282,1974,0.012876,133.3
283,1975,0.010994,68.5
283,1976,0.011240,23.5
283,1977,0.008022,25.3
283,1978,0.011501,68.7
283,1979,0.012188,133.5
283,1980,0.009964,30.5
283,1981,0.009108,69.2
284,1982,0.011808,22.9
284,1983,0.012427,135.1
284,1984,0.012767,138.3
284,1985,0.008401,29.9
284,1986,0.016469,133.6
284,1987,0.009969,68.5
284,1988,0.011510,69.0
285,1989,0.010290,34.0
285,1990,0.008587,25.9
285,1991,0.012503,69.0
285,1992,0.011597,68.9
285,1993,0.013119,133.4
285,1994,0.012078,134.3
285,1995,0.011033,28.6
286,1996,0.015597,68.7
286,1997,0.010439,68.7
286,1998,0.010892,68.7
286,1999,0.007405,32.8
286,2000,0.007219,33.3
286,2001,0.010423,22.2
286,2002,0.010981,26.4
287,2003,0.012057,68.4
287,2004,0.013182,68.6
287,2005,0.012298,68.5
287,2006,0.015773,133.4
287,2007,0.006930,25.2
287,2008,0.013804,133.6
287,2009,0.011372,68.8
288,2010,0.011187,74.0
288,2011,0.012248,68.8
288,2012,0.017036,133.5
288,2013,0.012965,68.6
288,2014,0.014980,68.6
288,2015,0.018594,133.3
288,2016,0.014045,74.2
289,2017,0.010704,26.7
289,2018,0.012247,68.7
289,2019,0.012103,68.7
289,2020,0.014301,68.4
289,2021,0.012959,133.5
289,2022,0.017888,133.7
289,2023,0.010901,69.1
290,2024,0.012554,68.7
290,2025,0.009483,25.2
290,2026,0.012380,68.4
290,2027,0.014172,68.6
290,2028,0.011021,31.6
290,2029,0.010728,35.3
290,2030,0.011707,68.8
291,2031,0.014332,68.4
291,2032,0.013629,68.8
291,2033,0.008916,29.7
291,2034,0.011319,139.6
291,2035,0.013762,135.0
291,2036,0.009348,25.3
291,2037,0.014775,68.6
292,2038,0.010684,69.2
292,2039,0.015194,133.4
292,2040,0.009179,27.5
292,2041,0.009031,68.6
292,2042,0.012171,75.7
292,2043,0.014865,133.4
292,2044,0.011596,68.5
293,2045,0.009280,20.3
293,2046,0.013824,133.6
293,2047,0.013717,133.7
293,2048,0.014193,69.4
293,2049,0.009494,68.6
293,2050,0.020483,140.2
293,2051,0.013169,68.8
294,2052,0.015090,133.7
294,2053,0.013656,133.5
294,2054,0.008840,68.8
294,2055,0.011017,28.2
294,2056,0.014253,68.6
294,2057,0.009785,68.8
294,2058,0.009052,28.5
295,2059,0.019093,133.8
295,2060,0.011826,133.6
295,2061,0.011740,68.4
295,2062,0.008146,23.8
295,2063,0.013132,25.3
295,2064,0.011400,69.8
295,2065,0.010808,133.6
296,2066,0.014115,68.9
296,2067,0.008909,68.8
296,2068,0.010095,68.6
296,2069,0.014687,68.5
296,2070,0.010704,68.6
296,2071,0.011948,69.0
296,2072,0.015006,68.7
297,2073,0.011982,68.6
297,2074,0.011091,133.8
297,2075,0.013182,134.0
297,2076,0.013025,69.8
297,2077,0.017086,68.6
297,2078,0.012479,68.8
297,2079,0.015168,133.4
298,2080,0.010625,133.8
298,2081,0.008275,35.1
298,2082,0.011848,68.7
298,2083,0.012487,134.7
298,2084,0.009792,68.7
298,2085,0.012917,69.6
298,2086,0.011541,134.4
299,2087,0.007809,68.7
299,2088,0.013523,68.6
299,2089,0.010595,27.4
299,2090,0.010322,68.7
299,2091,0.013577,69.2
299,2092,0.013346,68.9
299,2093,0.013151,133.8
300,2094,0.011522,29.0
300,2095,0.007943,68.8
300,2096,0.015214,134.2
300,2097,0.010827,32.4
300,2098,0.011480,68.5
300,2099,0.011052,69.7
300,2100,0.009124,25.6
